{
    "presetName": "BrownPurpleAnime",
    "baseColor": {
        "r": 0.43396225571632388,
        "g": 0.34940147399902346,
        "b": 0.2804378569126129,
        "a": 1.0
    },
    "baseMapPath": "",
    "shadowMode": 0,
    "shadowColor": {
        "r": 0.729411780834198,
        "g": 0.615686297416687,
        "b": 0.7450980544090271,
        "a": 1.0
    },
    "shadowThreshold": 0.6990000009536743,
    "bandedShadowColor": {
        "r": 0.7306268811225891,
        "g": 0.6152099967002869,
        "b": 0.7452830076217651,
        "a": 1.0
    },
    "bandedShadowThreshold": 0.9729999899864197,
    "bandCount": 2.0,
    "bandSmooth": 0.019999999552965165,
    "rampTexturePath": ""
}