{
    "presetName": "Gold",
    "baseColor": {
        "r": 1.0,
        "g": 0.9058824181556702,
        "b": 0.5921568274497986,
        "a": 1.0
    },
    "baseMapPath": "",
    "lightingMode": 0,
    "shadowSteps": 5.449999809265137,
    "shadowSmoothness": 0.0,
    "shadowRampPath": "",
    "shadowColor": {
        "r": 0.7058823108673096,
        "g": 0.3215686082839966,
        "b": 0.32549014687538149,
        "a": 1.0
    },
    "shadowIntensity": 1.0,
    "shadowOffset": -0.1899999976158142,
    "shadowDepthBias": 0.7300000190734863,
    "shadowNormalBias": 1.7300000190734864,
    "specularColor": {
        "r": 1.0,
        "g": 0.9058824181556702,
        "b": 0.5921568274497986,
        "a": 1.0
    },
    "specularSize": 0.8479999899864197,
    "specularSmoothness": 0.7710000276565552,
    "specularSteps": 1.1200000047683716,
    "rimColor": {
        "r": 0.9882352948188782,
        "g": 0.7098039388656616,
        "b": 0.23137253522872926,
        "a": 1.0
    },
    "rimPower": 4.0,
    "rimIntensity": 1.7699999809265137,
    "rimOffset": -0.28999999165534975,
    "normalStrength": 1.0,
    "emissionColor": {
        "r": 0.0,
        "g": 0.0,
        "b": 0.0,
        "a": 1.0
    },
    "emissionIntensity": 0.0,
    "subsurfaceColor": {
        "r": 1.0,
        "g": 0.3999999463558197,
        "b": 0.3999999463558197,
        "a": 1.0
    },
    "subsurfaceIntensity": 0.5,
    "enableOutline": true,
    "outlineColor": {
        "r": 0.0,
        "g": 0.0,
        "b": 0.0,
        "a": 1.0
    },
    "outlineWidth": 3.609999895095825,
    "enableWind": false,
    "windSpeed": 3.059999942779541,
    "windStrength": 0.10000000149011612
}